,Coefficients,Standard Error,t Stat,P-value,Lower 95%,Upper 95%,Lower 95.0%,Upper 95.0%
Intercept,-0.756673366,1.133950124,-0.667289813,0.512610724,-3.130058253,1.61671152,-3.130058253,1.61671152
X Variable 1,0.413743628,0.064774492,6.38744692,3.98305E-06,0.278169059,0.549318197,0.278169059,0.549318197
,,,,,,,,
Deliverytime,Sorting time,,,,,,,
7.931942823,21,,,,,,,
9.586917335,25,,,,,,,
6.690711939,18,,,,,,,
