,Coefficients,Standard Error,t Stat,P-value,Lower 95%,Upper 95%,Lower 95.0%,Upper 95.0%
Intercept,25792.2002,2273.053433,11.34693968,5.51E-12,21136.06131,30448.33908,21136.06131,30448.33908
X Variable 1,9449.962321,378.7545742,24.95009424,1.14E-20,8674.118747,10225.8059,8674.118747,10225.8059
,,,,,,,,
YearsExperience ,Salary,,,,,,,
3,54142.08716,,,,,,,
7,91941.93645,,,,,,,
10,120291.8234,,,,,,,
